<?xml version="1.0" encoding="UTF-8"?>
<beans xmlns="http://www.springframework.org/schema/beans"
	xmlns:xsi="http://www.w3.org/2001/XMLSchema-instance"
	xmlns:aop="http://www.springframework.org/schema/aop"
	xmlns:tx="http://www.springframework.org/schema/tx"
	xmlns:context="http://www.springframework.org/schema/context"
	xsi:schemaLocation="http://www.springframework.org/schema/beans http://www.springframework.org/schema/beans/spring-beans-4.1.xsd
           http://www.springframework.org/schema/aop http://www.springframework.org/schema/aop/spring-aop-4.1.xsd
           http://www.springframework.org/schema/tx http://www.springframework.org/schema/tx/spring-tx-4.1.xsd
           http://www.springframework.org/schema/context
           http://www.springframework.org/schema/context/spring-context-4.1.xsd">

	<!-- 数据源-基本配置  -->

	<bean id="dataSource" class="com.mchange.v2.c3p0.ComboPooledDataSource">
		<property name="driverClass" value="com.mysql.jdbc.Driver" />
        <property name="jdbcUrl" value="jdbc:mysql://mysql_codepecker:3306/cp?useUnicode=true&amp;characterEncoding=UTF-8&amp;rewriteBatchedStatements=true" />
        <property name="user" value="sss" />
        <!-- for developer -->
        <property name="password" value="xxxxxxxxx" />
		<property name="autoCommitOnClose" value="false" />
		<property name="checkoutTimeout" value="50000"></property>
		<property name="initialPoolSize" value="5"></property>
		<property name="minPoolSize" value="10"></property>
		<property name="maxPoolSize" value="300"></property>
		<property name="maxIdleTime" value="300"></property>
		<property name="maxConnectionAge" value="3600"></property>
		<property name="acquireIncrement" value="5"></property>
		<property name="testConnectionOnCheckin" value="true"></property>
		<property name="automaticTestTable" value="c3p0TestTable"></property>
		<property name="idleConnectionTestPeriod" value="120"></property>
	</bean>
</beans>
